hidden,dropout,weight_decay,lr,seed,epochs,accuracy,log_loss,brier,auc
32,0.2,0.0001,0.001,0,19,0.6500894454382826,0.6058204210663235,0.21046616,0.7238006971725779
32,0.2,0.0001,0.001,1,19,0.6525939177101968,0.6048483152912747,0.2101319,0.724454424545721
32,0.2,0.0001,0.0003,0,25,0.6504472271914132,0.6057274917383727,0.21048339,0.7241162896975435
32,0.2,0.0001,0.0003,1,65,0.6522361359570662,0.6046770219084702,0.21012458,0.7250295099503864
32,0.2,0.001,0.001,0,19,0.6508050089445439,0.605627393811268,0.2104031,0.72399717401239
32,0.2,0.001,0.001,1,24,0.6543828264758498,0.6049631860934181,0.21026884,0.724179561900195
32,0.2,0.001,0.0003,0,25,0.6511627906976745,0.6057162494767685,0.21050194,0.7238644817007569
32,0.2,0.001,0.0003,1,48,0.6529516994633273,0.6050221222299307,0.21031575,0.7246680642907057
32,0.4,0.0001,0.001,0,20,0.6540250447227192,0.604981237518868,0.21008736,0.725250066089993
32,0.4,0.0001,0.001,1,32,0.649731663685152,0.6054916248841764,0.2102415,0.724368353857094
32,0.4,0.0001,0.0003,0,66,0.6493738819320215,0.6053292477630773,0.21031998,0.7239554194818955
32,0.4,0.0001,0.0003,1,48,0.6525939177101968,0.6051512877993724,0.21013013,0.7246642218492492
32,0.4,0.001,0.001,0,20,0.6550983899821109,0.6049602849763732,0.21010473,0.7251629707503109
32,0.4,0.001,0.001,1,32,0.651520572450805,0.6055914333266817,0.21026997,0.7241224376038741
32,0.4,0.001,0.0003,0,46,0.6543828264758498,0.6053685157126444,0.21029404,0.7243609251369447
32,0.4,0.001,0.0003,1,63,0.6518783542039356,0.6049199193479251,0.20999889,0.7251207038942887
64,0.2,0.0001,0.001,0,16,0.6465116279069767,0.6054667725994902,0.21029238,0.7244500697787368
64,0.2,0.0001,0.001,1,18,0.6508050089445439,0.6061341338307918,0.21049291,0.7240776091202141
64,0.2,0.0001,0.0003,0,32,0.6468694096601073,0.6054670646150222,0.21032095,0.7245458746523872
64,0.2,0.0001,0.0003,1,32,0.6522361359570662,0.6051395160973015,0.21008882,0.7258505116082717
64,0.2,0.001,0.001,0,18,0.6457960644007156,0.6056679473947597,0.21035768,0.7254035075854918
64,0.2,0.001,0.001,1,16,0.6550983899821109,0.6057510422901773,0.21023484,0.7257951804512973
64,0.2,0.001,0.0003,0,32,0.6461538461538462,0.6057876981212139,0.21046668,0.7239889768039495
64,0.2,0.001,0.0003,1,26,0.6568872987477639,0.6055601383867929,0.21026151,0.7250566632033462
64,0.4,0.0001,0.001,0,23,0.6457960644007156,0.6059785315412148,0.21047977,0.7240850378403634
64,0.4,0.0001,0.001,1,19,0.6540250447227192,0.6052459309743508,0.21006753,0.7255382491992353
64,0.4,0.0001,0.0003,0,35,0.6468694096601073,0.6055017698648464,0.21024853,0.7247244200987354
64,0.4,0.0001,0.0003,1,31,0.6565295169946332,0.6054536949362841,0.21007071,0.7254124732822237
64,0.4,0.001,0.001,0,23,0.6479427549194992,0.6060530349830998,0.21051873,0.7240957966764417
64,0.4,0.001,0.001,1,25,0.6525939177101968,0.6047435432154414,0.20992135,0.7257075727860877
64,0.4,0.001,0.0003,0,47,0.6440071556350626,0.6053019388590484,0.21023679,0.7245850675552441
64,0.4,0.001,0.0003,1,26,0.6529516994633273,0.6054149335108064,0.2101697,0.7248858026399111
