epoch,train_loss,val_log_loss
0,0.6748272890989868,0.6551313596955923
1,0.6416223143562281,0.6244189028631312
2,0.6235944441656652,0.6146500628561268
3,0.616934254507517,0.6123610996381199
4,0.6118280139476935,0.6113230474005477
5,0.6083654866249852,0.6104913546318279
6,0.6082517343052363,0.6098740955586418
7,0.6070530147680238,0.6099043553777799
8,0.6058971595303574,0.6097238742336814
9,0.605432973884376,0.6088944724279509
10,0.6029482345905203,0.6089185974942051
11,0.6031375782225157,0.6086720614814023
12,0.6031580070817495,0.6084015714823028
13,0.6007990355219631,0.6086336792925621
14,0.6013597049455902,0.6081616474261817
15,0.6001776074024852,0.6081192733041745
16,0.6011529044308079,0.6076859672244542
17,0.6003714693641975,0.6080649156972915
18,0.6000032408523803,0.6079623884423434
19,0.6006703383613636,0.6076861880560479
20,0.5995148959567427,0.6076542865071451
21,0.5981505745656942,0.6074241213689605
22,0.598315260102672,0.6071541438349014
23,0.5972009696485958,0.6072617131502307
24,0.5989551556464512,0.6071929946534484
25,0.5956962241899648,0.6070600654062016
26,0.5966642738170739,0.6074061409301169
27,0.5968675206914199,0.6070400968643919
28,0.5950816546130402,0.6068845880792643
29,0.5961482922779269,0.6066612256463564
30,0.5960341064313385,0.6066881777138077
31,0.5943093719173047,0.6067397286927481
32,0.5959709562281127,0.6068156510981206
33,0.5958743501669813,0.6068051200447867
34,0.5944082290721717,0.6068858055816664
35,0.5948595905512523,0.6068742405997906
36,0.5943345064475538,0.606525584084079
37,0.5940985829534264,0.606723404442756
38,0.5946706077190876,0.6066043839250973
39,0.592494270330964,0.6065718628059048
40,0.5945127893389304,0.6063283158779502
41,0.5946064497769715,0.6061869363355962
42,0.59400718305983,0.6062298679115553
43,0.5934939006649342,0.606212584179248
44,0.5938424871705238,0.6060972069982694
45,0.5941830605393401,0.6061198312169932
46,0.5932871290997379,0.6059187370353658
47,0.5921541054609023,0.6062431512748531
48,0.5933516012833638,0.6064647884213398
49,0.5941027176060789,0.6060750035541995
50,0.5923374334775579,0.6060494285441778
51,0.5926342655861988,0.6058730661274676
52,0.5929464110155802,0.6059356084521049
53,0.5913258552420915,0.6062028901087857
54,0.593647123197834,0.6061103329073444
55,0.5915291797317441,0.6060486644331489
56,0.5932401694277282,0.6062876531897171
57,0.5915763348161751,0.6060272795429287
58,0.590829283775735,0.6060980058305327
59,0.5909649152583669,0.6060486813549592
60,0.5930358470300953,0.6064879708783422
61,0.5897731612739785,0.6064000450296833
